Recency_Scaled,Frequency_Scaled,Monetary_Scaled,Cluster,Segment
0.005215416519099,-0.0486872706984575,-0.0562266586451743,0,Regular Customers
-0.8649567703982646,8.074596586605685,9.324975079922767,1,Loyal Customers
